-- MySQL dump 10.13  Distrib 8.0.18, for macos10.14 (x86_64)
--
-- Host: 10.211.55.11    Database: zk-sys
-- ------------------------------------------------------
-- Server version	8.0.21

/*!40101 SET @OLD_CHARACTER_SET_CLIENT=@@CHARACTER_SET_CLIENT */;
/*!40101 SET @OLD_CHARACTER_SET_RESULTS=@@CHARACTER_SET_RESULTS */;
/*!40101 SET @OLD_COLLATION_CONNECTION=@@COLLATION_CONNECTION */;
/*!50503 SET NAMES utf8 */;
/*!40103 SET @OLD_TIME_ZONE=@@TIME_ZONE */;
/*!40103 SET TIME_ZONE='+00:00' */;
/*!40014 SET @OLD_UNIQUE_CHECKS=@@UNIQUE_CHECKS, UNIQUE_CHECKS=0 */;
/*!40014 SET @OLD_FOREIGN_KEY_CHECKS=@@FOREIGN_KEY_CHECKS, FOREIGN_KEY_CHECKS=0 */;
/*!40101 SET @OLD_SQL_MODE=@@SQL_MODE, SQL_MODE='NO_AUTO_VALUE_ON_ZERO' */;
/*!40111 SET @OLD_SQL_NOTES=@@SQL_NOTES, SQL_NOTES=0 */;

--
-- Dumping data for table `t_sys_auth_company`
--

LOCK TABLES `t_sys_auth_company` WRITE;
/*!40000 ALTER TABLE `t_sys_auth_company` DISABLE KEYS */;
INSERT INTO `t_sys_auth_company` VALUES (6094348562043240960,NULL,NULL,'2022-05-09 16:54:16','2022-05-09 16:54:16',0,0,NULL,'{}',NULL,NULL,NULL,'{}','yunjian',6075055662683914752,'yunjian',6094177248162611712,'admin',0),(6094348562412339712,NULL,NULL,'2022-05-09 16:54:16','2022-05-09 16:54:16',0,0,NULL,'{}',NULL,NULL,NULL,'{}','yunjian',6075055662683914752,'yunjian',6094182632742978048,'devpendencies',0),(6094348562798215680,NULL,NULL,'2022-05-09 16:54:16','2022-05-09 16:54:16',0,0,NULL,'{}',NULL,NULL,NULL,'{}','yunjian',6075055662683914752,'yunjian',6094185383384318464,'test',1);
/*!40000 ALTER TABLE `t_sys_auth_company` ENABLE KEYS */;
UNLOCK TABLES;

--
-- Dumping data for table `t_sys_auth_defined`
--

LOCK TABLES `t_sys_auth_defined` WRITE;
/*!40000 ALTER TABLE `t_sys_auth_defined` DISABLE KEYS */;
INSERT INTO `t_sys_auth_defined` VALUES (6094177248162611712,NULL,NULL,'2022-05-09 14:04:05','2022-05-12 00:14:46',0,0,NULL,NULL,NULL,NULL,NULL,NULL,'{\"en-US\": \"admin\", \"zh-CN\": \"超级管理员权限\"}','admin','sys',0,'{\"zh-CN\": \"超级管理员权限\"}',NULL,NULL),(6094182632742978048,NULL,NULL,'2022-05-09 14:09:26','2022-05-12 00:14:55',0,0,NULL,NULL,NULL,NULL,NULL,NULL,'{\"en-US\": \"devpendencies\", \"zh-CN\": \"开发者权限\"}','devpendencies','sys',0,'{}',NULL,NULL),(6094185383384318464,NULL,NULL,'2022-05-09 14:12:10','2022-05-12 00:15:03',0,0,NULL,NULL,NULL,NULL,NULL,NULL,'{\"en-US\": \"test\", \"zh-CN\": \"测试权限\"}','test','sys',0,'{}',NULL,NULL),(6094465939221250560,NULL,NULL,'2022-05-09 18:50:52','2022-05-12 00:15:19',0,0,NULL,NULL,NULL,NULL,NULL,NULL,'{\"en-US\": \"test-disabled\", \"zh-CN\": \"测试-禁用权限\"}','test-disabled','sys',1,'{}',NULL,NULL);
/*!40000 ALTER TABLE `t_sys_auth_defined` ENABLE KEYS */;
UNLOCK TABLES;

--
-- Dumping data for table `t_sys_auth_dept`
--

LOCK TABLES `t_sys_auth_dept` WRITE;
/*!40000 ALTER TABLE `t_sys_auth_dept` DISABLE KEYS */;
INSERT INTO `t_sys_auth_dept` VALUES (6094468678907068928,NULL,NULL,'2022-05-09 18:53:35','2022-05-09 18:53:35',0,0,NULL,'{}',NULL,NULL,NULL,'{}','yunjian',6075055662683914752,'yunjian',6076504467996410368,'test',6094182632742978048,'devpendencies'),(6094468679242613248,NULL,NULL,'2022-05-09 18:53:35','2022-05-09 18:53:35',0,0,NULL,'{}',NULL,NULL,NULL,'{}','yunjian',6075055662683914752,'yunjian',6076504467996410368,'test',6094465939221250560,'test-disabled'),(6094468679762706944,NULL,NULL,'2022-05-09 18:53:35','2022-05-09 18:53:35',0,0,NULL,'{}',NULL,NULL,NULL,'{}','yunjian',6075055662683914752,'yunjian',6076504467996410368,'test',6094185383384318464,'test'),(6098253570400846336,NULL,NULL,'2022-05-12 09:33:32','2022-05-12 09:33:32',0,0,NULL,'{}',NULL,NULL,NULL,'{}','yunjian',6075055662683914752,'yunjian',6098231742387192320,'dev-dept',6094182632742978048,'devpendencies');
/*!40000 ALTER TABLE `t_sys_auth_dept` ENABLE KEYS */;
UNLOCK TABLES;

--
-- Dumping data for table `t_sys_auth_func_api`
--

LOCK TABLES `t_sys_auth_func_api` WRITE;
/*!40000 ALTER TABLE `t_sys_auth_func_api` DISABLE KEYS */;
INSERT INTO `t_sys_auth_func_api` VALUES (6091060272183640576,NULL,NULL,'2022-05-07 10:27:38','2022-05-07 10:27:38',0,0,NULL,'{}',NULL,NULL,NULL,'{}',6088123724207227392,5864231461409784320,'login'),(6097463441222533632,NULL,NULL,'2022-05-11 20:28:37','2022-05-11 20:28:37',0,0,NULL,'{}',NULL,NULL,NULL,'{}',6094182632742978048,5864231461409784320,'login'),(6097463448772280832,NULL,NULL,'2022-05-11 20:28:38','2022-05-11 20:28:38',0,0,NULL,'{}',NULL,NULL,NULL,'{}',6094182632742978048,6097453765533630976,'com_zk_sys_res_sysNav_detail'),(6105823748542169600,NULL,NULL,'2022-05-17 14:53:50','2022-05-17 14:53:50',0,0,NULL,'{}',NULL,NULL,NULL,'{}',6094185383384318464,6097453765533630976,'com_zk_sys_res_sysNav_detail'),(6105823750471549440,NULL,NULL,'2022-05-17 14:53:50','2022-05-17 14:53:50',0,0,NULL,'{}',NULL,NULL,NULL,'{}',6094185383384318464,6105823432610415104,'com_zk_wechat_thirdParty_detail');
/*!40000 ALTER TABLE `t_sys_auth_func_api` ENABLE KEYS */;
UNLOCK TABLES;

--
-- Dumping data for table `t_sys_auth_menu`
--

LOCK TABLES `t_sys_auth_menu` WRITE;
/*!40000 ALTER TABLE `t_sys_auth_menu` DISABLE KEYS */;
INSERT INTO `t_sys_auth_menu` VALUES (6094035836196618752,NULL,NULL,'2022-05-09 11:43:36','2022-05-09 11:43:36',0,0,NULL,'{}',NULL,NULL,NULL,'{}',6088123724207227392,5834501573383815680,'wx_pay'),(6094035836297282048,NULL,NULL,'2022-05-09 11:43:36','2022-05-09 11:43:36',0,0,NULL,'{}',NULL,NULL,NULL,'{}',6088123724207227392,5834488936986051072,'wx'),(6094035836397945344,NULL,NULL,'2022-05-09 11:43:36','2022-05-09 11:43:36',0,0,NULL,'{}',NULL,NULL,NULL,'{}',6088123724207227392,5823591553813185025,'PayGroup_Detail'),(6094035836481831424,NULL,NULL,'2022-05-09 11:43:36','2022-05-09 11:43:36',0,0,NULL,'{}',NULL,NULL,NULL,'{}',6088123724207227392,5823591553813185026,'PayGroup_Edit'),(6094035836582494720,NULL,NULL,'2022-05-09 11:43:36','2022-05-09 11:43:36',0,0,NULL,'{}',NULL,NULL,NULL,'{}',6088123724207227392,5823591553813185024,'PayGroup'),(6094181343648809472,NULL,NULL,'2022-05-09 14:08:09','2022-05-09 14:08:09',0,0,NULL,'{}',NULL,NULL,NULL,'{}',6094177248162611712,5843231447036461568,'SysSetItem'),(6094181343732695552,NULL,NULL,'2022-05-09 14:08:09','2022-05-09 14:08:09',0,0,NULL,'{}',NULL,NULL,NULL,'{}',6094177248162611712,5843231447086793217,'SysSetItem_Edit'),(6094181343883690496,NULL,NULL,'2022-05-09 14:08:09','2022-05-09 14:08:09',0,0,NULL,'{}',NULL,NULL,NULL,'{}',6094177248162611712,5843231447086793216,'SysSetItem_Detail'),(6094181344051462656,NULL,NULL,'2022-05-09 14:08:09','2022-05-09 14:08:09',0,0,NULL,'{}',NULL,NULL,NULL,'{}',6094177248162611712,6049368408883986944,'SysAuthDefined'),(6094181344252789248,NULL,NULL,'2022-05-09 14:08:09','2022-05-09 14:08:09',0,0,NULL,'{}',NULL,NULL,NULL,'{}',6094177248162611712,6049368408900764161,'SysAuthDefined_Edit'),(6094181344538001920,NULL,NULL,'2022-05-09 14:08:09','2022-05-09 14:08:09',0,0,NULL,'{}',NULL,NULL,NULL,'{}',6094177248162611712,6049368408900764160,'SysAuthDefined_Detail'),(6094181344789660160,NULL,NULL,'2022-05-09 14:08:09','2022-05-09 14:08:09',0,0,NULL,'{}',NULL,NULL,NULL,'{}',6094177248162611712,6049368392878522880,'adminSysOrgCompany'),(6094181345041318400,NULL,NULL,'2022-05-09 14:08:09','2022-05-09 14:08:09',0,0,NULL,'{}',NULL,NULL,NULL,'{}',6094177248162611712,6049368481864876544,'adminSysOrgDept'),(6094181345175536128,NULL,NULL,'2022-05-09 14:08:09','2022-05-09 14:08:09',0,0,NULL,'{}',NULL,NULL,NULL,'{}',6094177248162611712,6049368363451286016,'SysOrgUser'),(6094181345292976640,NULL,NULL,'2022-05-09 14:08:09','2022-05-09 14:08:09',0,0,NULL,'{}',NULL,NULL,NULL,'{}',6094177248162611712,6049368487283917312,'SysOrgRole'),(6094181345527857664,NULL,NULL,'2022-05-09 14:08:09','2022-05-09 14:08:09',0,0,NULL,'{}',NULL,NULL,NULL,'{}',6094177248162611712,6049368490001826304,'SysOrgUserType'),(6094181345645298176,NULL,NULL,'2022-05-09 14:08:09','2022-05-09 14:08:09',0,0,NULL,'{}',NULL,NULL,NULL,'{}',6094177248162611712,6049368484666671616,'SysOrgRank'),(6094181345813070336,NULL,NULL,'2022-05-09 14:08:09','2022-05-09 14:08:09',0,0,NULL,'{}',NULL,NULL,NULL,'{}',6094177248162611712,6049368392912077313,'adminSysOrgCompany_Edit'),(6094181345930510848,NULL,NULL,'2022-05-09 14:08:09','2022-05-09 14:08:09',0,0,NULL,'{}',NULL,NULL,NULL,'{}',6094177248162611712,6049368392912077312,'adminSysOrgCompany_Detail'),(6094181346148614656,NULL,NULL,'2022-05-09 14:08:09','2022-05-09 14:08:09',0,0,NULL,'{}',NULL,NULL,NULL,'{}',6094177248162611712,6049368481931985409,'adminSysOrgDept_Edit'),(6094181346534490624,NULL,NULL,'2022-05-09 14:08:09','2022-05-09 14:08:09',0,0,NULL,'{}',NULL,NULL,NULL,'{}',6094177248162611712,6049368481931985408,'adminSysOrgDept_Detail'),(6094181346786148864,NULL,NULL,'2022-05-09 14:08:09','2022-05-09 14:08:09',0,0,NULL,'{}',NULL,NULL,NULL,'{}',6094177248162611712,6049368366471184897,'SysOrgUser_Edit'),(6094181346987475456,NULL,NULL,'2022-05-09 14:08:09','2022-05-09 14:08:09',0,0,NULL,'{}',NULL,NULL,NULL,'{}',6094177248162611712,6049368366471184896,'SysOrgUser_Detail'),(6094181347172024832,NULL,NULL,'2022-05-09 14:08:09','2022-05-09 14:08:09',0,0,NULL,'{}',NULL,NULL,NULL,'{}',6094177248162611712,6049368487300694529,'SysOrgRole_Edit'),(6094181347608232448,NULL,NULL,'2022-05-09 14:08:09','2022-05-09 14:08:09',0,0,NULL,'{}',NULL,NULL,NULL,'{}',6094177248162611712,6049368487300694528,'SysOrgRole_Detail'),(6094181347893445120,NULL,NULL,'2022-05-09 14:08:09','2022-05-09 14:08:09',0,0,NULL,'{}',NULL,NULL,NULL,'{}',6094177248162611712,6049368490035380737,'SysOrgUserType_Edit'),(6094181348094771712,NULL,NULL,'2022-05-09 14:08:09','2022-05-09 14:08:09',0,0,NULL,'{}',NULL,NULL,NULL,'{}',6094177248162611712,6049368490035380736,'SysOrgUserType_Detail'),(6094181348346429952,NULL,NULL,'2022-05-09 14:08:09','2022-05-09 14:08:09',0,0,NULL,'{}',NULL,NULL,NULL,'{}',6094177248162611712,6049368484700226049,'SysOrgRank_Edit'),(6094181348480647680,NULL,NULL,'2022-05-09 14:08:09','2022-05-09 14:08:09',0,0,NULL,'{}',NULL,NULL,NULL,'{}',6094177248162611712,6049368484700226048,'SysOrgRank_Detail'),(6094181348765860352,NULL,NULL,'2022-05-09 14:08:09','2022-05-09 14:08:09',0,0,NULL,'{}',NULL,NULL,NULL,'{}',6094177248162611712,5834501573383815680,'wx_pay'),(6094181348900078080,NULL,NULL,'2022-05-09 14:08:09','2022-05-09 14:08:09',0,0,NULL,'{}',NULL,NULL,NULL,'{}',6094177248162611712,5834512223610864128,'wx_third_party'),(6094181349034295808,NULL,NULL,'2022-05-09 14:08:09','2022-05-09 14:08:09',0,0,NULL,'{}',NULL,NULL,NULL,'{}',6094177248162611712,5823591461874041344,'PayMerchant'),(6094181349436948992,NULL,NULL,'2022-05-09 14:08:09','2022-05-09 14:08:09',0,0,NULL,'{}',NULL,NULL,NULL,'{}',6094177248162611712,5823591553813185024,'PayGroup'),(6094181349705384448,NULL,NULL,'2022-05-09 14:08:09','2022-05-09 14:08:09',0,0,NULL,'{}',NULL,NULL,NULL,'{}',6094177248162611712,5823591480714854912,'PayGetBusinessType'),(6094181350007374336,NULL,NULL,'2022-05-09 14:08:09','2022-05-09 14:08:09',0,0,NULL,'{}',NULL,NULL,NULL,'{}',6094177248162611712,5823591523966517760,'PayGetOrder'),(6094181350158369280,NULL,NULL,'2022-05-09 14:08:09','2022-05-09 14:08:09',0,0,NULL,'{}',NULL,NULL,NULL,'{}',6094177248162611712,5823591501820592640,'PayGetNotify'),(6094181350309364224,NULL,NULL,'2022-05-09 14:08:09','2022-05-09 14:08:09',0,0,NULL,'{}',NULL,NULL,NULL,'{}',6094177248162611712,5823591463954416128,'PayMerchant_Detail'),(6094181350426804736,NULL,NULL,'2022-05-09 14:08:09','2022-05-09 14:08:09',0,0,NULL,'{}',NULL,NULL,NULL,'{}',6094177248162611712,5823591463954416129,'PayMerchant_Edit'),(6094181350577799680,NULL,NULL,'2022-05-09 14:08:09','2022-05-09 14:08:09',0,0,NULL,'{}',NULL,NULL,NULL,'{}',6094177248162611712,5823591553813185025,'PayGroup_Detail'),(6094181350795903488,NULL,NULL,'2022-05-09 14:08:09','2022-05-09 14:08:09',0,0,NULL,'{}',NULL,NULL,NULL,'{}',6094177248162611712,5823591553813185026,'PayGroup_Edit'),(6094181350930121216,NULL,NULL,'2022-05-09 14:08:09','2022-05-09 14:08:09',0,0,NULL,'{}',NULL,NULL,NULL,'{}',6094177248162611712,5823591480731632128,'PayGetBusinessType_Detail'),(6094181351282442752,NULL,NULL,'2022-05-09 14:08:09','2022-05-09 14:08:09',0,0,NULL,'{}',NULL,NULL,NULL,'{}',6094177248162611712,5823591480731632129,'PayGetBusinessType_Edit'),(6094181351399883264,NULL,NULL,'2022-05-09 14:08:09','2022-05-09 14:08:09',0,0,NULL,'{}',NULL,NULL,NULL,'{}',6094177248162611712,5823591523983294976,'PayGetOrder_Detail'),(6094181351517323776,NULL,NULL,'2022-05-09 14:08:09','2022-05-09 14:08:09',0,0,NULL,'{}',NULL,NULL,NULL,'{}',6094177248162611712,5823591501837369856,'PayGetNotify_Detail'),(6094181351601209856,NULL,NULL,'2022-05-09 14:08:09','2022-05-09 14:08:09',0,0,NULL,'{}',NULL,NULL,NULL,'{}',6094177248162611712,5823591533462422016,'ThirdParty'),(6094181351701873152,NULL,NULL,'2022-05-09 14:08:09','2022-05-09 14:08:09',0,0,NULL,'{}',NULL,NULL,NULL,'{}',6094177248162611712,5824622041709412864,'ThirdPartyAuthAccount'),(6094181351802536448,NULL,NULL,'2022-05-09 14:08:09','2022-05-09 14:08:09',0,0,NULL,'{}',NULL,NULL,NULL,'{}',6094177248162611712,5824622031760523776,'ThirdPartyAuthAccountUser'),(6094181351919976960,NULL,NULL,'2022-05-09 14:08:09','2022-05-09 14:08:09',0,0,NULL,'{}',NULL,NULL,NULL,'{}',6094177248162611712,5824622020788224512,'ThirdPartyAuthAccountUserGps'),(6094181352003863040,NULL,NULL,'2022-05-09 14:08:09','2022-05-09 14:08:09',0,0,NULL,'{}',NULL,NULL,NULL,'{}',6094177248162611712,5823591533462422017,'ThirdParty_Detail'),(6094181352087749120,NULL,NULL,'2022-05-09 14:08:09','2022-05-09 14:08:09',0,0,NULL,'{}',NULL,NULL,NULL,'{}',6094177248162611712,5823591533462422018,'ThirdParty_Edit'),(6094181352221966848,NULL,NULL,'2022-05-09 14:08:09','2022-05-09 14:08:09',0,0,NULL,'{}',NULL,NULL,NULL,'{}',6094177248162611712,5824622041709412865,'ThirdPartyAuthAccount_Detail'),(6094181352339407360,NULL,NULL,'2022-05-09 14:08:09','2022-05-09 14:08:09',0,0,NULL,'{}',NULL,NULL,NULL,'{}',6094177248162611712,5824622031777300992,'ThirdPartyAuthAccountUser_Detail'),(6094181352523956736,NULL,NULL,'2022-05-09 14:08:09','2022-05-09 14:08:09',0,0,NULL,'{}',NULL,NULL,NULL,'{}',6094177248162611712,5824622024395325952,'ThirdPartyAuthAccountUserGps_Detail'),(6094181352641397248,NULL,NULL,'2022-05-09 14:08:09','2022-05-09 14:08:09',0,0,NULL,'{}',NULL,NULL,NULL,'{}',6094177248162611712,5718733253246976512,'codeGen_module_edit'),(6094181352742060544,NULL,NULL,'2022-05-09 14:08:09','2022-05-09 14:08:09',0,0,NULL,'{}',NULL,NULL,NULL,'{}',6094177248162611712,5718735304429404672,'codeGen_module_detail'),(6094181352859501056,NULL,NULL,'2022-05-09 14:08:09','2022-05-09 14:08:09',0,0,NULL,'{}',NULL,NULL,NULL,'{}',6094177248162611712,5718736971212259840,'codeGen_module_gen_code'),(6094181352943387136,NULL,NULL,'2022-05-09 14:08:09','2022-05-09 14:08:09',0,0,NULL,'{}',NULL,NULL,NULL,'{}',6094177248162611712,5716166126749090304,'sysNav'),(6094181353044050432,NULL,NULL,'2022-05-09 14:08:09','2022-05-09 14:08:09',0,0,NULL,'{}',NULL,NULL,NULL,'{}',6094177248162611712,5716220935531397632,'sysMenu'),(6094181353127936512,NULL,NULL,'2022-05-09 14:08:09','2022-05-09 14:08:09',0,0,NULL,'{}',NULL,NULL,NULL,'{}',6094177248162611712,5817910087607386624,'SysResDictType'),(6094181353228599808,NULL,NULL,'2022-05-09 14:08:09','2022-05-09 14:08:09',0,0,NULL,'{}',NULL,NULL,NULL,'{}',6094177248162611712,5817910082523890176,'SysResDict'),(6094181353463480832,NULL,NULL,'2022-05-09 14:08:09','2022-05-09 14:08:09',0,0,NULL,'{}',NULL,NULL,NULL,'{}',6094177248162611712,5843797210998768128,'SysResApplicationSystem'),(6094181353614475776,NULL,NULL,'2022-05-09 14:08:09','2022-05-09 14:08:09',0,0,NULL,'{}',NULL,NULL,NULL,'{}',6094177248162611712,5843797221333533184,'SysResRequestChannel'),(6094181353715139072,NULL,NULL,'2022-05-09 14:08:09','2022-05-09 14:08:09',0,0,NULL,'{}',NULL,NULL,NULL,'{}',6094177248162611712,5856620781609419264,'SysResFuncApi'),(6094181353799025152,NULL,NULL,'2022-05-09 14:08:09','2022-05-09 14:08:09',0,0,NULL,'{}',NULL,NULL,NULL,'{}',6094177248162611712,5716210108136948224,'sysNav_edit'),(6094181353899688448,NULL,NULL,'2022-05-09 14:08:09','2022-05-09 14:08:09',0,0,NULL,'{}',NULL,NULL,NULL,'{}',6094177248162611712,5716206637400719872,'sysNav_detail'),(6094181354000351744,NULL,NULL,'2022-05-09 14:08:09','2022-05-09 14:08:09',0,0,NULL,'{}',NULL,NULL,NULL,'{}',6094177248162611712,5716223191228088832,'sysMenu_edit'),(6094181354084237824,NULL,NULL,'2022-05-09 14:08:09','2022-05-09 14:08:09',0,0,NULL,'{}',NULL,NULL,NULL,'{}',6094177248162611712,5716224872573567488,'sysMenu_detail'),(6094181354151346688,NULL,NULL,'2022-05-09 14:08:09','2022-05-09 14:08:09',0,0,NULL,'{}',NULL,NULL,NULL,'{}',6094177248162611712,5817910087624163840,'SysResDictType_Detail'),(6094181354235232768,NULL,NULL,'2022-05-09 14:08:09','2022-05-09 14:08:09',0,0,NULL,'{}',NULL,NULL,NULL,'{}',6094177248162611712,5817910087624163841,'SysResDictType_Edit'),(6094181354302341632,NULL,NULL,'2022-05-09 14:08:09','2022-05-09 14:08:09',0,0,NULL,'{}',NULL,NULL,NULL,'{}',6094177248162611712,5817910084436492800,'SysResDict_Detail'),(6094181354436559360,NULL,NULL,'2022-05-09 14:08:09','2022-05-09 14:08:09',0,0,NULL,'{}',NULL,NULL,NULL,'{}',6094177248162611712,5817910084436492801,'SysResDict_Edit'),(6094181354570777088,NULL,NULL,'2022-05-09 14:08:09','2022-05-09 14:08:09',0,0,NULL,'{}',NULL,NULL,NULL,'{}',6094177248162611712,5843797211015545345,'SysResApplicationSystem_Edit'),(6094181354671440384,NULL,NULL,'2022-05-09 14:08:09','2022-05-09 14:08:09',0,0,NULL,'{}',NULL,NULL,NULL,'{}',6094177248162611712,5843797211015545344,'SysResApplicationSystem_Detail'),(6094181354772103680,NULL,NULL,'2022-05-09 14:08:10','2022-05-09 14:08:10',0,0,NULL,'{}',NULL,NULL,NULL,'{}',6094177248162611712,5843797221350310401,'SysResRequestChannel_Edit'),(6094181354855989760,NULL,NULL,'2022-05-09 14:08:10','2022-05-09 14:08:10',0,0,NULL,'{}',NULL,NULL,NULL,'{}',6094177248162611712,5843797221350310400,'SysResRequestChannel_Detail'),(6094181354923098624,NULL,NULL,'2022-05-09 14:08:10','2022-05-09 14:08:10',0,0,NULL,'{}',NULL,NULL,NULL,'{}',6094177248162611712,5856620781676528129,'SysResFuncApi_Edit'),(6094181355023761920,NULL,NULL,'2022-05-09 14:08:10','2022-05-09 14:08:10',0,0,NULL,'{}',NULL,NULL,NULL,'{}',6094177248162611712,5856620781676528128,'SysResFuncApi_Detail'),(6094181355107648000,NULL,NULL,'2022-05-09 14:08:10','2022-05-09 14:08:10',0,0,NULL,'{}',NULL,NULL,NULL,'{}',6094177248162611712,5716164475216724480,'SysResources'),(6094181355208311296,NULL,NULL,'2022-05-09 14:08:10','2022-05-09 14:08:10',0,0,NULL,'{}',NULL,NULL,NULL,'{}',6094177248162611712,5718628626350473728,'CodeGen'),(6094181355292197376,NULL,NULL,'2022-05-09 14:08:10','2022-05-09 14:08:10',0,0,NULL,'{}',NULL,NULL,NULL,'{}',6094177248162611712,5834488936986051072,'wx'),(6094181355376083456,NULL,NULL,'2022-05-09 14:08:10','2022-05-09 14:08:10',0,0,NULL,'{}',NULL,NULL,NULL,'{}',6094177248162611712,5720314220726190592,'SysOrganizational'),(6094181355459969536,NULL,NULL,'2022-05-09 14:08:10','2022-05-09 14:08:10',0,0,NULL,'{}',NULL,NULL,NULL,'{}',6094177248162611712,6049376983786193408,'SysAuthorization'),(6094181355610964480,NULL,NULL,'2022-05-09 14:08:10','2022-05-09 14:08:10',0,0,NULL,'{}',NULL,NULL,NULL,'{}',6094177248162611712,5842081580507464192,'SysSettings'),(6094183128627151360,NULL,NULL,'2022-05-09 14:09:55','2022-05-09 14:09:55',0,0,NULL,'{}',NULL,NULL,NULL,'{}',6094182632742978048,5843231447036461568,'SysSetItem'),(6094183128828477952,NULL,NULL,'2022-05-09 14:09:55','2022-05-09 14:09:55',0,0,NULL,'{}',NULL,NULL,NULL,'{}',6094182632742978048,5843231447086793217,'SysSetItem_Edit'),(6094183128996250112,NULL,NULL,'2022-05-09 14:09:55','2022-05-09 14:09:55',0,0,NULL,'{}',NULL,NULL,NULL,'{}',6094182632742978048,5843231447086793216,'SysSetItem_Detail'),(6094183129130467840,NULL,NULL,'2022-05-09 14:09:55','2022-05-09 14:09:55',0,0,NULL,'{}',NULL,NULL,NULL,'{}',6094182632742978048,6049368408883986944,'SysAuthDefined'),(6094183129214353920,NULL,NULL,'2022-05-09 14:09:55','2022-05-09 14:09:55',0,0,NULL,'{}',NULL,NULL,NULL,'{}',6094182632742978048,6049368408900764161,'SysAuthDefined_Edit'),(6094183129298240000,NULL,NULL,'2022-05-09 14:09:55','2022-05-09 14:09:55',0,0,NULL,'{}',NULL,NULL,NULL,'{}',6094182632742978048,6049368408900764160,'SysAuthDefined_Detail'),(6094183129398903296,NULL,NULL,'2022-05-09 14:09:55','2022-05-09 14:09:55',0,0,NULL,'{}',NULL,NULL,NULL,'{}',6094182632742978048,5716166126749090304,'sysNav'),(6094183129499566592,NULL,NULL,'2022-05-09 14:09:55','2022-05-09 14:09:55',0,0,NULL,'{}',NULL,NULL,NULL,'{}',6094182632742978048,5716220935531397632,'sysMenu'),(6094183129583452672,NULL,NULL,'2022-05-09 14:09:55','2022-05-09 14:09:55',0,0,NULL,'{}',NULL,NULL,NULL,'{}',6094182632742978048,5817910087607386624,'SysResDictType'),(6094183129700893184,NULL,NULL,'2022-05-09 14:09:55','2022-05-09 14:09:55',0,0,NULL,'{}',NULL,NULL,NULL,'{}',6094182632742978048,5817910082523890176,'SysResDict'),(6094183129784779264,NULL,NULL,'2022-05-09 14:09:55','2022-05-09 14:09:55',0,0,NULL,'{}',NULL,NULL,NULL,'{}',6094182632742978048,5843797210998768128,'SysResApplicationSystem'),(6094183129902219776,NULL,NULL,'2022-05-09 14:09:55','2022-05-09 14:09:55',0,0,NULL,'{}',NULL,NULL,NULL,'{}',6094182632742978048,5843797221333533184,'SysResRequestChannel'),(6094183130002883072,NULL,NULL,'2022-05-09 14:09:55','2022-05-09 14:09:55',0,0,NULL,'{}',NULL,NULL,NULL,'{}',6094182632742978048,5856620781609419264,'SysResFuncApi'),(6094183130086769152,NULL,NULL,'2022-05-09 14:09:55','2022-05-09 14:09:55',0,0,NULL,'{}',NULL,NULL,NULL,'{}',6094182632742978048,5716210108136948224,'sysNav_edit'),(6094183130187432448,NULL,NULL,'2022-05-09 14:09:55','2022-05-09 14:09:55',0,0,NULL,'{}',NULL,NULL,NULL,'{}',6094182632742978048,5716206637400719872,'sysNav_detail'),(6094183130288095744,NULL,NULL,'2022-05-09 14:09:55','2022-05-09 14:09:55',0,0,NULL,'{}',NULL,NULL,NULL,'{}',6094182632742978048,5716223191228088832,'sysMenu_edit'),(6094183130371981824,NULL,NULL,'2022-05-09 14:09:55','2022-05-09 14:09:55',0,0,NULL,'{}',NULL,NULL,NULL,'{}',6094182632742978048,5716224872573567488,'sysMenu_detail'),(6094183130472645120,NULL,NULL,'2022-05-09 14:09:55','2022-05-09 14:09:55',0,0,NULL,'{}',NULL,NULL,NULL,'{}',6094182632742978048,5817910087624163840,'SysResDictType_Detail'),(6094183130573308416,NULL,NULL,'2022-05-09 14:09:55','2022-05-09 14:09:55',0,0,NULL,'{}',NULL,NULL,NULL,'{}',6094182632742978048,5817910087624163841,'SysResDictType_Edit'),(6094183130724303360,NULL,NULL,'2022-05-09 14:09:55','2022-05-09 14:09:55',0,0,NULL,'{}',NULL,NULL,NULL,'{}',6094182632742978048,5817910084436492800,'SysResDict_Detail'),(6094183130858521088,NULL,NULL,'2022-05-09 14:09:55','2022-05-09 14:09:55',0,0,NULL,'{}',NULL,NULL,NULL,'{}',6094182632742978048,5817910084436492801,'SysResDict_Edit'),(6094183130975961600,NULL,NULL,'2022-05-09 14:09:55','2022-05-09 14:09:55',0,0,NULL,'{}',NULL,NULL,NULL,'{}',6094182632742978048,5843797211015545345,'SysResApplicationSystem_Edit'),(6094183131076624896,NULL,NULL,'2022-05-09 14:09:55','2022-05-09 14:09:55',0,0,NULL,'{}',NULL,NULL,NULL,'{}',6094182632742978048,5843797211015545344,'SysResApplicationSystem_Detail'),(6094183131361837568,NULL,NULL,'2022-05-09 14:09:55','2022-05-09 14:09:55',0,0,NULL,'{}',NULL,NULL,NULL,'{}',6094182632742978048,5843797221350310401,'SysResRequestChannel_Edit'),(6094183131462500864,NULL,NULL,'2022-05-09 14:09:55','2022-05-09 14:09:55',0,0,NULL,'{}',NULL,NULL,NULL,'{}',6094182632742978048,5843797221350310400,'SysResRequestChannel_Detail'),(6094183131546386944,NULL,NULL,'2022-05-09 14:09:55','2022-05-09 14:09:55',0,0,NULL,'{}',NULL,NULL,NULL,'{}',6094182632742978048,5856620781676528129,'SysResFuncApi_Edit'),(6094183131697381888,NULL,NULL,'2022-05-09 14:09:55','2022-05-09 14:09:55',0,0,NULL,'{}',NULL,NULL,NULL,'{}',6094182632742978048,5856620781676528128,'SysResFuncApi_Detail'),(6094183131781267968,NULL,NULL,'2022-05-09 14:09:55','2022-05-09 14:09:55',0,0,NULL,'{}',NULL,NULL,NULL,'{}',6094182632742978048,5834501573383815680,'wx_pay'),(6094183131881931264,NULL,NULL,'2022-05-09 14:09:55','2022-05-09 14:09:55',0,0,NULL,'{}',NULL,NULL,NULL,'{}',6094182632742978048,5834512223610864128,'wx_third_party'),(6094183131999371776,NULL,NULL,'2022-05-09 14:09:55','2022-05-09 14:09:55',0,0,NULL,'{}',NULL,NULL,NULL,'{}',6094182632742978048,5823591461874041344,'PayMerchant'),(6094183132116812288,NULL,NULL,'2022-05-09 14:09:55','2022-05-09 14:09:55',0,0,NULL,'{}',NULL,NULL,NULL,'{}',6094182632742978048,5823591553813185024,'PayGroup'),(6094183132251030016,NULL,NULL,'2022-05-09 14:09:55','2022-05-09 14:09:55',0,0,NULL,'{}',NULL,NULL,NULL,'{}',6094182632742978048,5823591480714854912,'PayGetBusinessType'),(6094183132351693312,NULL,NULL,'2022-05-09 14:09:55','2022-05-09 14:09:55',0,0,NULL,'{}',NULL,NULL,NULL,'{}',6094182632742978048,5823591523966517760,'PayGetOrder'),(6094183132469133824,NULL,NULL,'2022-05-09 14:09:55','2022-05-09 14:09:55',0,0,NULL,'{}',NULL,NULL,NULL,'{}',6094182632742978048,5823591501820592640,'PayGetNotify'),(6094183132586574336,NULL,NULL,'2022-05-09 14:09:55','2022-05-09 14:09:55',0,0,NULL,'{}',NULL,NULL,NULL,'{}',6094182632742978048,5823591463954416128,'PayMerchant_Detail'),(6094183132754346496,NULL,NULL,'2022-05-09 14:09:55','2022-05-09 14:09:55',0,0,NULL,'{}',NULL,NULL,NULL,'{}',6094182632742978048,5823591463954416129,'PayMerchant_Edit'),(6094183132855009792,NULL,NULL,'2022-05-09 14:09:55','2022-05-09 14:09:55',0,0,NULL,'{}',NULL,NULL,NULL,'{}',6094182632742978048,5823591553813185025,'PayGroup_Detail'),(6094183133006004736,NULL,NULL,'2022-05-09 14:09:55','2022-05-09 14:09:55',0,0,NULL,'{}',NULL,NULL,NULL,'{}',6094182632742978048,5823591553813185026,'PayGroup_Edit'),(6094183133156999680,NULL,NULL,'2022-05-09 14:09:56','2022-05-09 14:09:56',0,0,NULL,'{}',NULL,NULL,NULL,'{}',6094182632742978048,5823591480731632128,'PayGetBusinessType_Detail'),(6094183133341549056,NULL,NULL,'2022-05-09 14:09:56','2022-05-09 14:09:56',0,0,NULL,'{}',NULL,NULL,NULL,'{}',6094182632742978048,5823591480731632129,'PayGetBusinessType_Edit'),(6094183133475766784,NULL,NULL,'2022-05-09 14:09:56','2022-05-09 14:09:56',0,0,NULL,'{}',NULL,NULL,NULL,'{}',6094182632742978048,5823591523983294976,'PayGetOrder_Detail'),(6094183133609984512,NULL,NULL,'2022-05-09 14:09:56','2022-05-09 14:09:56',0,0,NULL,'{}',NULL,NULL,NULL,'{}',6094182632742978048,5823591501837369856,'PayGetNotify_Detail'),(6094183133677093376,NULL,NULL,'2022-05-09 14:09:56','2022-05-09 14:09:56',0,0,NULL,'{}',NULL,NULL,NULL,'{}',6094182632742978048,5823591533462422016,'ThirdParty'),(6094183133760979456,NULL,NULL,'2022-05-09 14:09:56','2022-05-09 14:09:56',0,0,NULL,'{}',NULL,NULL,NULL,'{}',6094182632742978048,5824622041709412864,'ThirdPartyAuthAccount'),(6094183133878419968,NULL,NULL,'2022-05-09 14:09:56','2022-05-09 14:09:56',0,0,NULL,'{}',NULL,NULL,NULL,'{}',6094182632742978048,5824622031760523776,'ThirdPartyAuthAccountUser'),(6094183133962306048,NULL,NULL,'2022-05-09 14:09:56','2022-05-09 14:09:56',0,0,NULL,'{}',NULL,NULL,NULL,'{}',6094182632742978048,5824622020788224512,'ThirdPartyAuthAccountUserGps'),(6094183134029414912,NULL,NULL,'2022-05-09 14:09:56','2022-05-09 14:09:56',0,0,NULL,'{}',NULL,NULL,NULL,'{}',6094182632742978048,5823591533462422017,'ThirdParty_Detail'),(6094183134113300992,NULL,NULL,'2022-05-09 14:09:56','2022-05-09 14:09:56',0,0,NULL,'{}',NULL,NULL,NULL,'{}',6094182632742978048,5823591533462422018,'ThirdParty_Edit'),(6094183134197187072,NULL,NULL,'2022-05-09 14:09:56','2022-05-09 14:09:56',0,0,NULL,'{}',NULL,NULL,NULL,'{}',6094182632742978048,5824622041709412865,'ThirdPartyAuthAccount_Detail'),(6094183134264295936,NULL,NULL,'2022-05-09 14:09:56','2022-05-09 14:09:56',0,0,NULL,'{}',NULL,NULL,NULL,'{}',6094182632742978048,5824622031777300992,'ThirdPartyAuthAccountUser_Detail'),(6094183134348182016,NULL,NULL,'2022-05-09 14:09:56','2022-05-09 14:09:56',0,0,NULL,'{}',NULL,NULL,NULL,'{}',6094182632742978048,5824622024395325952,'ThirdPartyAuthAccountUserGps_Detail'),(6094183134784389632,NULL,NULL,'2022-05-09 14:09:56','2022-05-09 14:09:56',0,0,NULL,'{}',NULL,NULL,NULL,'{}',6094182632742978048,6049368392878522880,'adminSysOrgCompany'),(6094183135119933952,NULL,NULL,'2022-05-09 14:09:56','2022-05-09 14:09:56',0,0,NULL,'{}',NULL,NULL,NULL,'{}',6094182632742978048,6049368481864876544,'adminSysOrgDept'),(6094183135438701056,NULL,NULL,'2022-05-09 14:09:56','2022-05-09 14:09:56',0,0,NULL,'{}',NULL,NULL,NULL,'{}',6094182632742978048,6049368363451286016,'SysOrgUser'),(6094183135690359296,NULL,NULL,'2022-05-09 14:09:56','2022-05-09 14:09:56',0,0,NULL,'{}',NULL,NULL,NULL,'{}',6094182632742978048,6049368487283917312,'SysOrgRole'),(6094183135874908672,NULL,NULL,'2022-05-09 14:09:56','2022-05-09 14:09:56',0,0,NULL,'{}',NULL,NULL,NULL,'{}',6094182632742978048,6049368490001826304,'SysOrgUserType'),(6094183135975571968,NULL,NULL,'2022-05-09 14:09:56','2022-05-09 14:09:56',0,0,NULL,'{}',NULL,NULL,NULL,'{}',6094182632742978048,6049368484666671616,'SysOrgRank'),(6094183136109789696,NULL,NULL,'2022-05-09 14:09:56','2022-05-09 14:09:56',0,0,NULL,'{}',NULL,NULL,NULL,'{}',6094182632742978048,6049368392912077313,'adminSysOrgCompany_Edit'),(6094183136445334016,NULL,NULL,'2022-05-09 14:09:56','2022-05-09 14:09:56',0,0,NULL,'{}',NULL,NULL,NULL,'{}',6094182632742978048,6049368392912077312,'adminSysOrgCompany_Detail'),(6094183136562774528,NULL,NULL,'2022-05-09 14:09:56','2022-05-09 14:09:56',0,0,NULL,'{}',NULL,NULL,NULL,'{}',6094182632742978048,6049368481931985409,'adminSysOrgDept_Edit'),(6094183136898318848,NULL,NULL,'2022-05-09 14:09:56','2022-05-09 14:09:56',0,0,NULL,'{}',NULL,NULL,NULL,'{}',6094182632742978048,6049368481931985408,'adminSysOrgDept_Detail'),(6094183137066091008,NULL,NULL,'2022-05-09 14:09:56','2022-05-09 14:09:56',0,0,NULL,'{}',NULL,NULL,NULL,'{}',6094182632742978048,6049368366471184897,'SysOrgUser_Edit'),(6094183137317749248,NULL,NULL,'2022-05-09 14:09:56','2022-05-09 14:09:56',0,0,NULL,'{}',NULL,NULL,NULL,'{}',6094182632742978048,6049368366471184896,'SysOrgUser_Detail'),(6094183137569407488,NULL,NULL,'2022-05-09 14:09:56','2022-05-09 14:09:56',0,0,NULL,'{}',NULL,NULL,NULL,'{}',6094182632742978048,6049368487300694529,'SysOrgRole_Edit'),(6094183137821065728,NULL,NULL,'2022-05-09 14:09:56','2022-05-09 14:09:56',0,0,NULL,'{}',NULL,NULL,NULL,'{}',6094182632742978048,6049368487300694528,'SysOrgRole_Detail'),(6094183138022392320,NULL,NULL,'2022-05-09 14:09:56','2022-05-09 14:09:56',0,0,NULL,'{}',NULL,NULL,NULL,'{}',6094182632742978048,6049368490035380737,'SysOrgUserType_Edit'),(6094183138173387264,NULL,NULL,'2022-05-09 14:09:56','2022-05-09 14:09:56',0,0,NULL,'{}',NULL,NULL,NULL,'{}',6094182632742978048,6049368490035380736,'SysOrgUserType_Detail'),(6094183138341159424,NULL,NULL,'2022-05-09 14:09:56','2022-05-09 14:09:56',0,0,NULL,'{}',NULL,NULL,NULL,'{}',6094182632742978048,6049368484700226049,'SysOrgRank_Edit'),(6094183138475377152,NULL,NULL,'2022-05-09 14:09:56','2022-05-09 14:09:56',0,0,NULL,'{}',NULL,NULL,NULL,'{}',6094182632742978048,6049368484700226048,'SysOrgRank_Detail'),(6094183138626372096,NULL,NULL,'2022-05-09 14:09:56','2022-05-09 14:09:56',0,0,NULL,'{}',NULL,NULL,NULL,'{}',6094182632742978048,5718733253246976512,'codeGen_module_edit'),(6094183139331015168,NULL,NULL,'2022-05-09 14:09:56','2022-05-09 14:09:56',0,0,NULL,'{}',NULL,NULL,NULL,'{}',6094182632742978048,5718735304429404672,'codeGen_module_detail'),(6094183139414901248,NULL,NULL,'2022-05-09 14:09:56','2022-05-09 14:09:56',0,0,NULL,'{}',NULL,NULL,NULL,'{}',6094182632742978048,5718736971212259840,'codeGen_module_gen_code'),(6094183139867886080,NULL,NULL,'2022-05-09 14:09:56','2022-05-09 14:09:56',0,0,NULL,'{}',NULL,NULL,NULL,'{}',6094182632742978048,5718628626350473728,'CodeGen'),(6094183140102767104,NULL,NULL,'2022-05-09 14:09:56','2022-05-09 14:09:56',0,0,NULL,'{}',NULL,NULL,NULL,'{}',6094182632742978048,5720314220726190592,'SysOrganizational'),(6094183140371202560,NULL,NULL,'2022-05-09 14:09:56','2022-05-09 14:09:56',0,0,NULL,'{}',NULL,NULL,NULL,'{}',6094182632742978048,5834488936986051072,'wx'),(6094183140840964608,NULL,NULL,'2022-05-09 14:09:56','2022-05-09 14:09:56',0,0,NULL,'{}',NULL,NULL,NULL,'{}',6094182632742978048,5716164475216724480,'SysResources'),(6094183141025513984,NULL,NULL,'2022-05-09 14:09:56','2022-05-09 14:09:56',0,0,NULL,'{}',NULL,NULL,NULL,'{}',6094182632742978048,6049376983786193408,'SysAuthorization'),(6094183141142954496,NULL,NULL,'2022-05-09 14:09:56','2022-05-09 14:09:56',0,0,NULL,'{}',NULL,NULL,NULL,'{}',6094182632742978048,5842081580507464192,'SysSettings'),(6094506867357123072,NULL,NULL,'2022-05-09 19:31:32','2022-05-09 19:31:32',0,0,NULL,'{}',NULL,NULL,NULL,'{}',6094185383384318464,5842081580507464192,'SysSettings'),(6094506867524895232,NULL,NULL,'2022-05-09 19:31:32','2022-05-09 19:31:32',0,0,NULL,'{}',NULL,NULL,NULL,'{}',6094185383384318464,5843231447086793217,'SysSetItem_Edit'),(6094506868128875008,NULL,NULL,'2022-05-09 19:31:32','2022-05-09 19:31:32',0,0,NULL,'{}',NULL,NULL,NULL,'{}',6094185383384318464,5843231447086793216,'SysSetItem_Detail'),(6094506868229538304,NULL,NULL,'2022-05-09 19:31:32','2022-05-09 19:31:32',0,0,NULL,'{}',NULL,NULL,NULL,'{}',6094185383384318464,5843231447036461568,'SysSetItem');
/*!40000 ALTER TABLE `t_sys_auth_menu` ENABLE KEYS */;
UNLOCK TABLES;

--
-- Dumping data for table `t_sys_auth_nav`
--

LOCK TABLES `t_sys_auth_nav` WRITE;
/*!40000 ALTER TABLE `t_sys_auth_nav` DISABLE KEYS */;
INSERT INTO `t_sys_auth_nav` VALUES (6094181435504067072,NULL,NULL,'2022-05-09 14:08:14','2022-05-09 14:08:14',0,0,NULL,'{}',NULL,NULL,NULL,'{}',6094177248162611712,5715974301799154176,'sys'),(6094181435940274688,NULL,NULL,'2022-05-09 14:08:14','2022-05-09 14:08:14',0,0,NULL,'{}',NULL,NULL,NULL,'{}',6094177248162611712,5715976183246488064,'sample'),(6094181436007383552,NULL,NULL,'2022-05-09 14:08:14','2022-05-09 14:08:14',0,0,NULL,'{}',NULL,NULL,NULL,'{}',6094177248162611712,5834415859191251456,'generalApplication'),(6094181436091269632,NULL,NULL,'2022-05-09 14:08:14','2022-05-09 14:08:14',0,0,NULL,'{}',NULL,NULL,NULL,'{}',6094177248162611712,5917075027542409728,'developmentTool'),(6094182916647027200,NULL,NULL,'2022-05-09 14:09:43','2022-05-09 14:09:43',0,0,NULL,'{}',NULL,NULL,NULL,'{}',6094182632742978048,5715974301799154176,'sys'),(6094182916898685440,NULL,NULL,'2022-05-09 14:09:43','2022-05-09 14:09:43',0,0,NULL,'{}',NULL,NULL,NULL,'{}',6094182632742978048,5715976183246488064,'sample'),(6094182917150343680,NULL,NULL,'2022-05-09 14:09:43','2022-05-09 14:09:43',0,0,NULL,'{}',NULL,NULL,NULL,'{}',6094182632742978048,5834415859191251456,'generalApplication'),(6094182917469110784,NULL,NULL,'2022-05-09 14:09:43','2022-05-09 14:09:43',0,0,NULL,'{}',NULL,NULL,NULL,'{}',6094182632742978048,5917075027542409728,'developmentTool'),(6094506587462828544,NULL,NULL,'2022-05-09 19:31:15','2022-05-09 19:31:15',0,0,NULL,'{}',NULL,NULL,NULL,'{}',6094185383384318464,5715976183246488064,'sample'),(6094506587865481728,NULL,NULL,'2022-05-09 19:31:15','2022-05-09 19:31:15',0,0,NULL,'{}',NULL,NULL,NULL,'{}',6094185383384318464,5715974301799154176,'sys');
/*!40000 ALTER TABLE `t_sys_auth_nav` ENABLE KEYS */;
UNLOCK TABLES;

--
-- Dumping data for table `t_sys_auth_rank`
--

LOCK TABLES `t_sys_auth_rank` WRITE;
/*!40000 ALTER TABLE `t_sys_auth_rank` DISABLE KEYS */;
INSERT INTO `t_sys_auth_rank` VALUES (6097690883698721280,NULL,NULL,'2022-05-12 00:14:34','2022-05-12 00:14:34',0,0,NULL,'{}',NULL,NULL,NULL,'{}','yunjian',6075055662683914752,'yunjian',6076516133228249600,'L0000',6094185383384318464,'test'),(6097690884470473216,NULL,NULL,'2022-05-12 00:14:34','2022-05-12 00:14:34',0,0,NULL,'{}',NULL,NULL,NULL,'{}','yunjian',6075055662683914752,'yunjian',6076516133228249600,'L0000',6094177248162611712,'admin'),(6097690884889903616,NULL,NULL,'2022-05-12 00:14:34','2022-05-12 00:14:34',0,0,NULL,'{}',NULL,NULL,NULL,'{}','yunjian',6075055662683914752,'yunjian',6076516133228249600,'L0000',6094182632742978048,'devpendencies');
/*!40000 ALTER TABLE `t_sys_auth_rank` ENABLE KEYS */;
UNLOCK TABLES;

--
-- Dumping data for table `t_sys_auth_role`
--

LOCK TABLES `t_sys_auth_role` WRITE;
/*!40000 ALTER TABLE `t_sys_auth_role` DISABLE KEYS */;
INSERT INTO `t_sys_auth_role` VALUES (6094496075345822208,NULL,NULL,'2022-05-09 19:20:48','2022-05-09 19:20:48',0,0,NULL,'{}',NULL,NULL,NULL,'{}','yunjian',6075055662683914752,'yunjian',6085269943203398144,'test',6094185383384318464,'test'),(6097690519415030272,NULL,NULL,'2022-05-12 00:14:12','2022-05-12 00:14:12',0,0,NULL,'{}',NULL,NULL,NULL,'{}','yunjian',6075055662683914752,'yunjian',6078416280648417792,'superAdmin',6094182632742978048,'devpendencies'),(6097690521914835456,NULL,NULL,'2022-05-12 00:14:12','2022-05-12 00:14:12',0,0,NULL,'{}',NULL,NULL,NULL,'{}','yunjian',6075055662683914752,'yunjian',6078416280648417792,'superAdmin',6094177248162611712,'admin');
/*!40000 ALTER TABLE `t_sys_auth_role` ENABLE KEYS */;
UNLOCK TABLES;

--
-- Dumping data for table `t_sys_auth_user`
--

LOCK TABLES `t_sys_auth_user` WRITE;
/*!40000 ALTER TABLE `t_sys_auth_user` DISABLE KEYS */;
INSERT INTO `t_sys_auth_user` VALUES (6094496909894877696,NULL,NULL,'2022-05-09 19:21:38','2022-05-09 19:21:38',0,0,NULL,'{}',NULL,NULL,NULL,'{}','yunjian',6075055662683914752,'yunjian',6085589305646907904,6094185383384318464,'test'),(6098298835530940928,NULL,NULL,'2022-05-12 10:18:30','2022-05-12 10:18:30',0,0,NULL,'{}',NULL,NULL,NULL,'{}','yunjian',6075055662683914752,'yunjian',6075055676609004032,6094177248162611712,'admin');
/*!40000 ALTER TABLE `t_sys_auth_user` ENABLE KEYS */;
UNLOCK TABLES;

--
-- Dumping data for table `t_sys_auth_user_role`
--

LOCK TABLES `t_sys_auth_user_role` WRITE;
/*!40000 ALTER TABLE `t_sys_auth_user_role` DISABLE KEYS */;
INSERT INTO `t_sys_auth_user_role` VALUES (6088082553422479872,NULL,NULL,'2022-05-05 09:09:33','2022-05-05 09:09:33',0,0,NULL,'{}',NULL,NULL,NULL,'{}','yunjian',6075055662683914752,'yunjian',6078416280648417792,'superAdmin',6075055676609004032),(6088089464964383232,NULL,NULL,'2022-05-05 09:16:25','2022-05-05 09:16:25',0,0,NULL,'{}',NULL,NULL,NULL,'{}','yunjian',6075055662683914752,'yunjian',6085269943203398144,'test',6085589305646907904);
/*!40000 ALTER TABLE `t_sys_auth_user_role` ENABLE KEYS */;
UNLOCK TABLES;

--
-- Dumping data for table `t_sys_auth_user_type`
--

LOCK TABLES `t_sys_auth_user_type` WRITE;
/*!40000 ALTER TABLE `t_sys_auth_user_type` DISABLE KEYS */;
INSERT INTO `t_sys_auth_user_type` VALUES (6089587444498301440,NULL,NULL,'2022-05-06 10:04:31','2022-05-06 10:04:31',0,0,NULL,'{}',NULL,NULL,NULL,'{}','t-groupCode',-1,'companyCode',6089586329669075456,'t-code',6089586340238721536,'test-code'),(6097690685056483840,NULL,NULL,'2022-05-12 00:14:22','2022-05-12 00:14:22',0,0,NULL,'{}',NULL,NULL,NULL,'{}','yunjian',6075055662683914752,'yunjian',6075892699481768448,'L0001',6094185383384318464,'test'),(6097690688294486528,NULL,NULL,'2022-05-12 00:14:22','2022-05-12 00:14:22',0,0,NULL,'{}',NULL,NULL,NULL,'{}','yunjian',6075055662683914752,'yunjian',6075892699481768448,'L0001',6094177248162611712,'admin'),(6097690688948797952,NULL,NULL,'2022-05-12 00:14:22','2022-05-12 00:14:22',0,0,NULL,'{}',NULL,NULL,NULL,'{}','yunjian',6075055662683914752,'yunjian',6075892699481768448,'L0001',6094182632742978048,'devpendencies');
/*!40000 ALTER TABLE `t_sys_auth_user_type` ENABLE KEYS */;
UNLOCK TABLES;

--
-- Dumping data for table `t_sys_org_company`
--

LOCK TABLES `t_sys_org_company` WRITE;
/*!40000 ALTER TABLE `t_sys_org_company` DISABLE KEYS */;
INSERT INTO `t_sys_org_company` VALUES (6075055662683914752,NULL,NULL,'2022-04-26 09:28:29','2022-05-09 15:15:32',0,0,NULL,NULL,NULL,NULL,NULL,NULL,'yunjian','yunjian','{\"en-US\": \"yunjian\", \"zh-CN\": \"云笺\"}','','','','','13825659082','binary_space@126.com','','5916094446092419584','1312312',0,'{}',NULL,NULL,'{}','','','{}',NULL,NULL,NULL),(6084235557959893504,NULL,NULL,'2022-05-02 17:27:54','2022-05-02 19:40:05',0,0,NULL,NULL,NULL,NULL,NULL,NULL,'yunjian','c-1','{\"en-US\": \"c1-1\", \"zh-CN\": \"子-1\"}','','','','',NULL,'binary_space1@126.com','','5916094446092419584','78976',2,'{}','2022-05-02 00:00:00','2022-05-02 00:00:00','{}','','','{}',6075055662683914752,NULL,NULL),(6084367070076600832,NULL,NULL,'2022-05-02 19:38:33','2022-05-02 19:38:33',0,0,NULL,'{}',NULL,NULL,NULL,'{}','yunjian','c1-c1-1','{\"en-US\": \"c1-c1-1\", \"zh-CN\": \"子1-子1-1\"}',NULL,NULL,NULL,NULL,NULL,'binary_space2@126.com',NULL,'5916094446092419584','sss',2,'{}','2022-05-02 00:00:00','2022-05-02 00:00:00','{}',NULL,NULL,'{}',6084235557959893504,NULL,NULL);
/*!40000 ALTER TABLE `t_sys_org_company` ENABLE KEYS */;
UNLOCK TABLES;

--
-- Dumping data for table `t_sys_org_dept`
--

LOCK TABLES `t_sys_org_dept` WRITE;
/*!40000 ALTER TABLE `t_sys_org_dept` DISABLE KEYS */;
INSERT INTO `t_sys_org_dept` VALUES (6066517287731462656,NULL,NULL,'2022-04-20 12:06:23','2022-04-20 14:09:16',0,0,NULL,NULL,NULL,NULL,NULL,NULL,'yunjian',6056656117646230016,'you','test','{\"en-US\": \"test\", \"zh-CN\": \"test\"}','','','','binary_space@126.com',1,'{\"zh-CN\": \"test\"}','{}',NULL,NULL,NULL),(6076504467996410368,NULL,NULL,'2022-04-27 09:27:45','2022-05-09 19:01:19',0,0,NULL,NULL,NULL,NULL,NULL,NULL,'yunjian',6075055662683914752,'yunjian','test','{\"en-US\": \"test1\", \"zh-CN\": \"测试1-部门\"}','','','','binary_space@126.com',0,'{}','{}',NULL,NULL,NULL),(6076534152008565248,NULL,NULL,'2022-04-27 09:57:14','2022-05-03 10:31:38',0,0,NULL,NULL,NULL,NULL,NULL,NULL,'yunjian',6075055662683914752,'yunjian','test-c1','{\"en-US\": \"test1-c1\", \"zh-CN\": \"测试1-子1\"}','','','','binary_space@126.com',0,'{}','{}',6076504467996410368,NULL,NULL),(6079856322835120640,NULL,NULL,'2022-04-29 16:57:31','2022-05-03 10:31:51',0,0,NULL,NULL,NULL,NULL,NULL,NULL,'yunjian',6075055662683914752,'yunjian','test1-c1-c1','{\"en-US\": \"test1-c1-c1\", \"zh-CN\": \"测试1-子1-子1\"}','','','','binary_space@126.com',0,'{}','{}',6076534152008565248,NULL,NULL),(6083851315908182528,NULL,NULL,'2022-05-02 11:06:11','2022-05-03 10:32:07',0,0,NULL,NULL,NULL,NULL,NULL,NULL,'yunjian',6075055662683914752,'yunjian','eeee','{\"en-US\": \"eeee\", \"zh-CN\": \"eeee\"}','','','','binary_space@126.com',0,'{}','{}',6076534152008565248,NULL,NULL),(6098231742387192320,NULL,NULL,'2022-05-12 09:11:51','2022-05-12 09:11:51',0,0,NULL,'{}',NULL,NULL,NULL,'{}','yunjian',6075055662683914752,'yunjian','dev-dept','{\"en-US\": \"dev dept\", \"zh-CN\": \"研发部\"}',NULL,NULL,NULL,'binary_space@126.com',0,'{}','{}',NULL,NULL,NULL);
/*!40000 ALTER TABLE `t_sys_org_dept` ENABLE KEYS */;
UNLOCK TABLES;

--
-- Dumping data for table `t_sys_org_rank`
--

LOCK TABLES `t_sys_org_rank` WRITE;
/*!40000 ALTER TABLE `t_sys_org_rank` DISABLE KEYS */;
INSERT INTO `t_sys_org_rank` VALUES (6076516133228249600,NULL,NULL,'2022-04-27 09:39:20','2022-05-03 10:21:14',0,0,NULL,NULL,NULL,NULL,NULL,NULL,'yunjian',6075055662683914752,'yunjian','L0000','{\"en-US\": \"通用\", \"zh-CN\": \"通用\"}',0,'{}',NULL,NULL);
/*!40000 ALTER TABLE `t_sys_org_rank` ENABLE KEYS */;
UNLOCK TABLES;

--
-- Dumping data for table `t_sys_org_role`
--

LOCK TABLES `t_sys_org_role` WRITE;
/*!40000 ALTER TABLE `t_sys_org_role` DISABLE KEYS */;
INSERT INTO `t_sys_org_role` VALUES (6078416280648417792,NULL,NULL,'2022-04-28 17:06:58','2022-05-03 10:25:22',0,0,NULL,NULL,NULL,NULL,NULL,NULL,'yunjian',6075055662683914752,'yunjian','superAdmin','{\"en-US\": \"superAdmin\", \"zh-CN\": \"超级管理员\"}',0,NULL,NULL,0,'{}',NULL,NULL),(6085269943203398144,NULL,NULL,'2022-05-03 10:35:28','2022-05-03 10:35:28',0,0,NULL,'{}',NULL,NULL,NULL,'{}','yunjian',6075055662683914752,'yunjian','test','{\"en-US\": \"test\", \"zh-CN\": \"test\"}',1,6079856322835120640,'test1-c1-c1',0,'{}',NULL,NULL);
/*!40000 ALTER TABLE `t_sys_org_role` ENABLE KEYS */;
UNLOCK TABLES;

--
-- Dumping data for table `t_sys_org_user`
--

LOCK TABLES `t_sys_org_user` WRITE;
/*!40000 ALTER TABLE `t_sys_org_user` DISABLE KEYS */;
INSERT INTO `t_sys_org_user` VALUES (6075055676609004032,NULL,NULL,'2022-04-26 09:28:30','2022-05-12 10:18:16',0,0,NULL,NULL,NULL,NULL,NULL,NULL,'yunjian',6075055662683914752,'yunjian',6075892699481768448,'',6076516133228249600,'',NULL,NULL,'admin','21232f297a57a5a743894a0e4a801fc3',0,NULL,0,'征','客','征客',NULL,'male','{}','','13825659082','binary_spqce@126.com','','','','','0',NULL,NULL,NULL,NULL,NULL),(6085589305646907904,NULL,NULL,'2022-05-03 15:52:43','2022-05-03 16:56:31',0,0,NULL,NULL,NULL,NULL,NULL,NULL,'yunjian',6075055662683914752,'yunjian',NULL,'',NULL,'',6076504467996410368,'test','test','098f6bcd4621d373cade4e832627b4f6',0,'2022-05-09 19:30:14',0,'test','test','test',NULL,'5932461735163200000','{}','','13825659083','binary_space1@126.com','','','','','test',NULL,NULL,NULL,NULL,NULL),(6095464821979873792,NULL,NULL,'2022-05-10 11:23:10','2022-05-10 11:23:10',0,0,NULL,'{}',NULL,NULL,NULL,'{}','yunjian',6075055662683914752,'yunjian',NULL,NULL,NULL,NULL,NULL,NULL,'test-2','e10adc3949ba59abbe56e057f20f883e',0,NULL,0,'test-2','test-2','test-2',NULL,'5932461735163200000','{}',NULL,'13825659084','binary_space3@126.com',NULL,NULL,NULL,NULL,'test-2',NULL,NULL,NULL,NULL,NULL);
/*!40000 ALTER TABLE `t_sys_org_user` ENABLE KEYS */;
UNLOCK TABLES;

--
-- Dumping data for table `t_sys_org_user_type`
--

LOCK TABLES `t_sys_org_user_type` WRITE;
/*!40000 ALTER TABLE `t_sys_org_user_type` DISABLE KEYS */;
INSERT INTO `t_sys_org_user_type` VALUES (6075892699481768448,NULL,NULL,'2022-04-26 23:20:01','2022-05-03 10:21:25',0,0,NULL,NULL,NULL,NULL,NULL,NULL,'yunjian',6075055662683914752,'yunjian','L0001','{\"en-US\": \"一级管理员\", \"zh-CN\": \"一级管理员\"}',0,'{}',NULL,NULL);
/*!40000 ALTER TABLE `t_sys_org_user_type` ENABLE KEYS */;
UNLOCK TABLES;

--
-- Dumping data for table `t_sys_res_application_system`
--

LOCK TABLES `t_sys_res_application_system` WRITE;
/*!40000 ALTER TABLE `t_sys_res_application_system` DISABLE KEYS */;
INSERT INTO `t_sys_res_application_system` VALUES (5715724212111409664,NULL,NULL,'2021-08-21 12:04:46','2021-08-21 23:13:10',1,0,NULL,NULL,NULL,NULL,NULL,NULL,'{\"en-US\": \"tess\", \"zh-CN\": \"test\"}','test','{\"zh-CN\": \"tes\"}'),(5715893246438146560,NULL,NULL,'2021-08-21 14:52:41','2021-08-21 23:13:13',1,0,NULL,NULL,NULL,NULL,NULL,NULL,'{\"en-US\": \"4\", \"zh-CN\": \"t24\"}','t2','{\"zh-CN\": \"t2\"}'),(5716398014885528064,NULL,NULL,'2021-08-21 23:14:08','2021-11-17 20:46:55',0,0,NULL,NULL,NULL,NULL,NULL,NULL,'{\"en-US\": \"ResourcesSystem\", \"zh-CN\": \"资源服务\"}','sys','{\"zh-CN\": \"资源服务\"}'),(5846688986709361152,NULL,NULL,'2021-11-19 20:26:35','2021-11-19 20:26:35',0,0,NULL,NULL,NULL,NULL,NULL,NULL,'{\"en-US\": \"Wechat\", \"zh-CN\": \"微信平台\"}','wechat','{\"zh-CN\": \"对接微信相关平台，如支付、开放平台、公众号、小程序等\"}'),(5846690422805496320,NULL,NULL,'2021-11-19 20:28:00','2021-11-19 20:28:00',0,0,NULL,NULL,NULL,NULL,NULL,NULL,'{\"en-US\": \"codeGen\", \"zh-CN\": \"代码生成\"}','codeGen','{\"zh-CN\": \"代码生成工具\"}');
/*!40000 ALTER TABLE `t_sys_res_application_system` ENABLE KEYS */;
UNLOCK TABLES;

--
-- Dumping data for table `t_sys_res_dict`
--

LOCK TABLES `t_sys_res_dict` WRITE;
/*!40000 ALTER TABLE `t_sys_res_dict` DISABLE KEYS */;
INSERT INTO `t_sys_res_dict` VALUES (5834615786647323136,NULL,NULL,'2021-11-11 12:32:56','2021-11-14 19:02:22',0,0,NULL,NULL,NULL,NULL,NULL,NULL,'sex','male','{\"en-US\": \"Male\", \"zh-CN\": \"男\"}',NULL,NULL),(5834623783306002944,NULL,NULL,'2021-11-11 12:40:53','2021-11-13 11:42:28',0,0,NULL,NULL,NULL,NULL,NULL,'{}','sex','female','{\"en-US\": \"Female\", \"zh-CN\": \"女\"}','{}',NULL),(5834624917882012160,NULL,NULL,'2021-11-11 12:42:00','2021-11-11 12:42:00',0,0,NULL,NULL,NULL,NULL,NULL,'{}','cert_type','id_card','{\"en-US\": \"Identity card\", \"zh-CN\": \"身份证\"}','{}',NULL),(5916094446092419584,NULL,NULL,'2022-01-06 17:34:43','2022-01-06 17:34:43',0,0,NULL,NULL,NULL,NULL,NULL,'{}','cert_type','id_driving_licence','{\"en-US\": \"Driving licence\", \"zh-CN\": \"驾驶证\"}','{\"zh-CN\": \"驾驶证\"}',NULL),(5932461735163200000,NULL,NULL,'2022-01-18 00:34:09','2022-01-18 00:34:09',0,0,NULL,NULL,NULL,NULL,NULL,'{}','sex','third_gender','{\"en-US\": \"Third Gender\", \"zh-CN\": \"第三性别\"}','{}',NULL),(5932462242808201728,NULL,NULL,'2022-01-18 00:34:39','2022-01-18 00:34:39',0,0,NULL,NULL,NULL,NULL,NULL,'{}','sex','unknown','{\"en-US\": \"Unknown\", \"zh-CN\": \"保密\"}',NULL,NULL);
/*!40000 ALTER TABLE `t_sys_res_dict` ENABLE KEYS */;
UNLOCK TABLES;

--
-- Dumping data for table `t_sys_res_dict_type`
--

LOCK TABLES `t_sys_res_dict_type` WRITE;
/*!40000 ALTER TABLE `t_sys_res_dict_type` DISABLE KEYS */;
INSERT INTO `t_sys_res_dict_type` VALUES (5720131897485427200,NULL,NULL,'2021-08-24 13:03:24','2022-04-19 17:02:32',0,0,NULL,NULL,NULL,NULL,NULL,'{}','sex','{\"en-US\": \"Sex\", \"zh-CN\": \"性别\"}','{\"zh-CN\": \"性别\"}'),(5720136919963140608,NULL,NULL,'2021-08-24 13:08:24','2022-04-19 17:02:38',0,0,NULL,NULL,NULL,NULL,NULL,'{}','cert_type','{\"en-US\": \"CertificateType\", \"zh-CN\": \"证件类型\"}',NULL);
/*!40000 ALTER TABLE `t_sys_res_dict_type` ENABLE KEYS */;
UNLOCK TABLES;

--
-- Dumping data for table `t_sys_res_func_api`
--

LOCK TABLES `t_sys_res_func_api` WRITE;
/*!40000 ALTER TABLE `t_sys_res_func_api` DISABLE KEYS */;
INSERT INTO `t_sys_res_func_api` VALUES (5864231461409784320,NULL,NULL,'2021-12-01 22:53:28','2022-05-09 19:32:08',0,0,NULL,NULL,NULL,NULL,NULL,NULL,'{\"en-US\": \"login\", \"zh-CN\": \"登录\"}','login','sys',NULL,'application/x-www-form-urlencoded',NULL,'[{\"pName\": \"t\", \"isRequired\": \"g\"}]','application/x-www-form-urlencoded','[]','logiin','apiSys/login',255),(6097453765533630976,NULL,NULL,'2022-05-11 20:19:00','2022-05-11 20:19:00',0,0,NULL,'{}',NULL,NULL,NULL,'{}','{\"en-US\": \"Nav Detail\", \"zh-CN\": \"导航栏详情\"}','com_zk_sys_res_sysNav_detail','sys','{}','application/x-www-form-urlencoded','{}','[{\"pName\": \"pkId\", \"pType\": \"String\", \"isRequired\": \"是\"}]','application/json',NULL,'apiSys/res/nav/sysNav','apiSys/res/nav/sysNav',1),(6105823432610415104,NULL,NULL,'2022-05-17 14:53:31','2022-05-17 14:53:31',0,0,NULL,'{}',NULL,NULL,NULL,'{}','{\"en-US\": \"第三方平台账号详情\", \"zh-CN\": \"第三方平台账号详情\"}','com_zk_wechat_thirdParty_detail','wechat','{}','application/x-www-form-urlencoded','{}','[{\"pName\": \"pkId\", \"pType\": \"String\", \"isRequired\": \"是\"}]','application/json',NULL,'zk/wechat/v1.0/thirdParty/thirdParty/thirdParty','apiWechat/thirdParty/thirdParty/thirdParty',1);
/*!40000 ALTER TABLE `t_sys_res_func_api` ENABLE KEYS */;
UNLOCK TABLES;

--
-- Dumping data for table `t_sys_res_func_api_req_channel`
--

LOCK TABLES `t_sys_res_func_api_req_channel` WRITE;
/*!40000 ALTER TABLE `t_sys_res_func_api_req_channel` DISABLE KEYS */;
INSERT INTO `t_sys_res_func_api_req_channel` VALUES (6048290342665454080,NULL,NULL,'2022-04-07 22:19:32','2022-04-07 22:19:32',0,0,NULL,NULL,NULL,NULL,NULL,NULL,5846691689216868864,5864231461409784320,'channel.pc.web','sys','login'),(6048290342967443968,NULL,NULL,'2022-04-07 22:19:32','2022-04-07 22:19:32',0,0,NULL,NULL,NULL,NULL,NULL,NULL,5846693206061744640,5864231461409784320,'channel.developer','sys','login');
/*!40000 ALTER TABLE `t_sys_res_func_api_req_channel` ENABLE KEYS */;
UNLOCK TABLES;

--
-- Dumping data for table `t_sys_res_navigation`
--

LOCK TABLES `t_sys_res_navigation` WRITE;
/*!40000 ALTER TABLE `t_sys_res_navigation` DISABLE KEYS */;
INSERT INTO `t_sys_res_navigation` VALUES (5715974301799154176,NULL,NULL,'2021-08-21 16:13:12','2021-11-03 15:44:47',0,0,NULL,NULL,NULL,NULL,NULL,NULL,'{\"en-US\": \"System\", \"zh-CN\": \"系统管理\"}','sys','sys','sysIndex','sys',0,1,1,'WindowsOutlined'),(5715976183246488064,NULL,NULL,'2021-08-21 16:15:05','2021-11-17 17:07:11',0,0,NULL,NULL,NULL,NULL,NULL,NULL,'{\"en-US\": \"Sample\", \"zh-CN\": \"样例\"}','sample','sample','navIndex','sample',0,0,1,'CompassOutlined'),(5834415859191251456,NULL,NULL,'2021-11-11 09:14:19','2022-01-09 23:36:23',0,0,NULL,NULL,NULL,NULL,NULL,NULL,'{\"en-US\": \"General Application\", \"zh-CN\": \"常规应用\"}','generalApplication','generalApplication','generalApplicationIndex','ga',300,0,1,'AppstoreAddOutlined'),(5917075027542409728,NULL,NULL,'2022-01-07 09:48:50','2022-01-09 23:36:40',0,0,NULL,NULL,NULL,NULL,NULL,NULL,'{\"en-US\": \"DevelopmentTool\", \"zh-CN\": \"开发工具\"}','developmentTool','developmentTool','developmentToolIndex','dt',1,0,1,'SettingOutlined');
/*!40000 ALTER TABLE `t_sys_res_navigation` ENABLE KEYS */;
UNLOCK TABLES;

--
-- Dumping data for table `t_sys_res_request_channel`
--

LOCK TABLES `t_sys_res_request_channel` WRITE;
/*!40000 ALTER TABLE `t_sys_res_request_channel` DISABLE KEYS */;
INSERT INTO `t_sys_res_request_channel` VALUES (5846691689216868864,NULL,NULL,'2021-11-19 20:29:16','2022-03-22 12:59:48',0,0,NULL,NULL,NULL,NULL,NULL,NULL,'{\"en-US\": \"pc-web\", \"zh-CN\": \"用户PC访问渠道\"}','channel.pc.web','{\"zh-CN\": \"ttt\"}'),(5846693206061744640,NULL,NULL,'2021-11-19 20:30:46','2021-11-19 20:30:46',0,0,NULL,NULL,NULL,NULL,NULL,NULL,'{\"en-US\": \"developer\", \"zh-CN\": \"开发者\"}','channel.developer','{}');
/*!40000 ALTER TABLE `t_sys_res_request_channel` ENABLE KEYS */;
UNLOCK TABLES;

--
-- Dumping data for table `t_sys_set_collection`
--

LOCK TABLES `t_sys_set_collection` WRITE;
/*!40000 ALTER TABLE `t_sys_set_collection` DISABLE KEYS */;
INSERT INTO `t_sys_set_collection` VALUES (6094827194473775616,NULL,NULL,'2022-05-10 00:49:45','2022-05-10 00:49:45',0,0,NULL,'{}',NULL,NULL,NULL,'{}','{\"en-US\": \"Security Center\", \"zh-CN\": \"安全中心\"}','Security_Center','{}',NULL,NULL),(6097209580368953856,NULL,NULL,'2022-05-11 16:16:26','2022-05-11 16:18:15',0,0,NULL,NULL,NULL,NULL,NULL,NULL,'{\"en-US\": \"Auth Strategy\", \"zh-CN\": \"权限策略\"}','Auth_Strategy','{}','','');
/*!40000 ALTER TABLE `t_sys_set_collection` ENABLE KEYS */;
UNLOCK TABLES;

--
-- Dumping data for table `t_sys_set_item`
--

LOCK TABLES `t_sys_set_item` WRITE;
/*!40000 ALTER TABLE `t_sys_set_item` DISABLE KEYS */;
INSERT INTO `t_sys_set_item` VALUES (6094849803701715456,NULL,NULL,'2022-05-10 01:12:12','2022-05-10 01:12:12',0,0,NULL,'{}',NULL,NULL,NULL,'{}',6094827194473775616,'Security_Center',1,'{\"en-US\": \"Password Strategy\", \"zh-CN\": \"密码策略\"}','pwd_strategy',0,'qwertyuiopasdfghjklzxcvbnmQWERTYUIOPASDFGHJKLZXCVBNM1234567890.','{}',NULL,NULL),(6097213331066585600,NULL,NULL,'2022-05-11 16:20:09','2022-05-12 10:09:31',0,0,NULL,NULL,NULL,NULL,NULL,NULL,6097209580368953856,'Auth_Strategy',1,'{\"en-US\": \"Dept Auth\", \"zh-CN\": \"部门权限\"}','Auth_Dept',1,'0','{\"zh-CN\": \"0-开户；1-关闭；\"}','',''),(6097214311644529152,NULL,NULL,'2022-05-11 16:21:08','2022-05-12 10:18:44',0,0,NULL,NULL,NULL,NULL,NULL,NULL,6097209580368953856,'Auth_Strategy',1,'{\"en-US\": \"User Auth\", \"zh-CN\": \"用户权限\"}','Auth_User',1,'1','{\"zh-CN\": \"0-开户；1-关闭；\"}','',''),(6097214971291107840,NULL,NULL,'2022-05-11 16:21:47','2022-05-11 23:46:41',0,0,NULL,NULL,NULL,NULL,NULL,NULL,6097209580368953856,'Auth_Strategy',1,'{\"en-US\": \"Role Auth\", \"zh-CN\": \"角色权限\"}','Auth_Role',1,'0','{\"zh-CN\": \"0-开户；1-关闭；\"}','',''),(6097215900732097024,NULL,NULL,'2022-05-11 16:22:43','2022-05-12 00:12:37',0,0,NULL,NULL,NULL,NULL,NULL,NULL,6097209580368953856,'Auth_Strategy',1,'{\"en-US\": \"Rank Auth\", \"zh-CN\": \"职级权限\"}','Auth_Rank',1,'0','{\"zh-CN\": \"0-开户；1-关闭；\"}','',''),(6097216843292869120,NULL,NULL,'2022-05-11 16:23:39','2022-05-11 23:44:58',0,0,NULL,NULL,NULL,NULL,NULL,NULL,6097209580368953856,'Auth_Strategy',1,'{\"en-US\": \"User Type Auth\", \"zh-CN\": \"用户类型权限\"}','Auth_UserType',1,'0','{\"zh-CN\": \"0-开户；1-关闭；\"}','','');
/*!40000 ALTER TABLE `t_sys_set_item` ENABLE KEYS */;
UNLOCK TABLES;

--
-- Dumping data for table `t_sys_set_item_company_value`
--

LOCK TABLES `t_sys_set_item_company_value` WRITE;
/*!40000 ALTER TABLE `t_sys_set_item_company_value` DISABLE KEYS */;
/*!40000 ALTER TABLE `t_sys_set_item_company_value` ENABLE KEYS */;
UNLOCK TABLES;
/*!40103 SET TIME_ZONE=@OLD_TIME_ZONE */;

/*!40101 SET SQL_MODE=@OLD_SQL_MODE */;
/*!40014 SET FOREIGN_KEY_CHECKS=@OLD_FOREIGN_KEY_CHECKS */;
/*!40014 SET UNIQUE_CHECKS=@OLD_UNIQUE_CHECKS */;
/*!40101 SET CHARACTER_SET_CLIENT=@OLD_CHARACTER_SET_CLIENT */;
/*!40101 SET CHARACTER_SET_RESULTS=@OLD_CHARACTER_SET_RESULTS */;
/*!40101 SET COLLATION_CONNECTION=@OLD_COLLATION_CONNECTION */;
/*!40111 SET SQL_NOTES=@OLD_SQL_NOTES */;

-- Dump completed on 2022-06-20 11:29:42
